INSERT INTO Address (streetName, suburb, province, postalcode,city) VALUES ('21 Foxhound','Midrand','6','1684','Johannesburg')
INSERT INTO Address (streetName, suburb, province, postalcode,city) VALUES ('32 Maple','Hatfield','3','1932','Pretoria')
INSERT INTO Address (streetName, suburb, province, postalcode,city) VALUES ('63 Main','Fourways','4','1029','Cape Town')
INSERT INTO Address (streetName, suburb, province, postalcode,city) VALUES ('92 Maxwell','Lonehill','1','7102','Pretoria')
INSERT INTO Address (streetName, suburb, province, postalcode,city) VALUES ('55 Church','Brooklyn','3','1984','Pretoria')
INSERT INTO Address (streetName, suburb, province, postalcode,city) VALUES ('78 Bloodwood','Rosebank','1','1685','Johannesburg')
INSERT INTO Address (streetName, suburb, province, postalcode,city) VALUES ('89 Verdi','Houghton','2','1687','Johannesburg')
INSERT INTO Address (streetName, suburb, province, postalcode,city) VALUES ('24 Kamp','Marshall','5','7503','Parow')
INSERT INTO Address (streetName, suburb, province, postalcode,city) VALUES ('1172 Plane','Craighall','8','5000','Durban')
INSERT INTO Address (streetName, suburb, province, postalcode,city) VALUES ('12 Dickens','Parktown','7','1672','Johannesburg')
INSERT INTO Address (streetName, suburb, province, postalcode,city) VALUES ('2314 Oxford','Irene','4','6650','Outshoorn')
INSERT INTO Address (streetName, suburb, province, postalcode,city) VALUES ('99 Orange','Kempton','4','6651','Kempton Park')
INSERT INTO Address (streetName, suburb, province, postalcode,city) VALUES ('100 Kryger','Mountainview','1','8804','Pretoria')
INSERT INTO Address (streetName, suburb, province, postalcode,city) VALUES ('1169 Ash','Colbyn','7','4458','Kilner Park')
INSERT INTO Address (streetName, suburb, province, postalcode,city) VALUES ('91 Hayley','Norwood','8','3698','Durban')
INSERT INTO Address (streetName, suburb, province, postalcode,city) VALUES ('67 High','Bedfordview','9','21','Nelspruit')


INSERT INTO Employee(firstName,surname,addressId,contactNumber,email,nationalIdNumber,employmentDate,employed,department) VALUES ('Jayden','Hardman','1','0817622651','myname@gmail.com','9712010089065','1997/12/01','1','Call Center')
INSERT INTO Employee(firstName,surname,addressId,contactNumber,email,nationalIdNumber,employmentDate,employed,department) VALUES ('Matin','De wet','4','0848766219','yourname@hotmail.com','9001010045087','1990/02/01','1','Call Center')
INSERT INTO Employee(firstName,surname,addressId,contactNumber,email,nationalIdNumber,employmentDate,employed,department) VALUES ('Lijani','John','3','0724877534','lolmemes@gmail.com','8305283029467','1983/05/28','1','Service Manager')
INSERT INTO Employee(firstName,surname,addressId,contactNumber,email,nationalIdNumber,employmentDate,employed,department) VALUES ('Alfredo','Gonzales','6','0785541254','mainman@gmail.com','9606257415236','1996/06/25','0','Call Center')
INSERT INTO Employee(firstName,surname,addressId,contactNumber,email,nationalIdNumber,employmentDate,employed,department) VALUES ('Emma','Smith','7','0840002356','emmasm@gmail.com','9901220023086','1999/01/22','1','Service Manager')
INSERT INTO Employee(firstName,surname,addressId,contactNumber,email,nationalIdNumber,employmentDate,employed,department) VALUES ('Andre','Labuschagne','8','0615872145','lappie@hotmail.com','7812120045069','1978/12/12','1','Call Center')
INSERT INTO Employee(firstName,surname,addressId,contactNumber,email,nationalIdNumber,employmentDate,employed,department) VALUES ('Milla','Enthoven','9','0621258744','milla@enthoven.co.za','0210070024087','2002/10/07','1','Maintenance')
INSERT INTO Employee(firstName,surname,addressId,contactNumber,email,nationalIdNumber,employmentDate,employed,department) VALUES ('Emke ','Krige','11','0834005297','emkrige@vodamail.com','0004280078089','2000/04/28','1','Maintenance')
INSERT INTO Employee(firstName,surname,addressId,contactNumber,email,nationalIdNumber,employmentDate,employed,department) VALUES ('Kayla','Milestone','16','0751239874','kaykay@gmail.com','9504190056025','1995/04/19','1','Maintenance')
INSERT INTO Employee(firstName,surname,addressId,contactNumber,email,nationalIdNumber,employmentDate,employed,department) VALUES ('Mike','Evans','14','0472541230','evans@hotmail.com','8503260045077','1985/03/26','1','Maintenance')
INSERT INTO Employee(firstName,surname,addressId,contactNumber,email,nationalIdNumber,employmentDate,employed,department) VALUES ('Liam','Stevens','12','0870120506','stevens.liam@gmail.com','9010100056023','1990/10/10','1','Maintenance')
INSERT INTO Employee(firstName,surname,addressId,contactNumber,email,nationalIdNumber,employmentDate,employed,department) VALUES ('Nicole ','Horwood','13','0761154212','horwood@hotmail.com','8912120023086','1989/12/12','1','Maintenance')
INSERT INTO Employee(firstName,surname,addressId,contactNumber,email,nationalIdNumber,employmentDate,employed,department) VALUES ('Nicholas','Horwood','13','0764451233','horwood1@hotmail.com','8704040056088','1987/04/04','1','Maintenance')
INSERT INTO Employee(firstName,surname,addressId,contactNumber,email,nationalIdNumber,employmentDate,employed,department) VALUES ('Duncan','Joe','2','0818477924','himatin@yahoo.com','7502137592035','1975/02/13','1','Maintenance')
INSERT INTO Employee(firstName,surname,addressId,contactNumber,email,nationalIdNumber,employmentDate,employed,department) VALUES ('Dylan','Zeus','5','0617349561','mrdoge@gmail.com','9305042739295','1993/05/04','1','Maintenance')
INSERT INTO Employee(firstName,surname,addressId,contactNumber,email,nationalIdNumber,employmentDate,employed,department) VALUES ('Johan','Venter','10','0875462135','jjf@gmail.com','9602180058088','1996/02/18','1','Maintenance')
INSERT INTO Employee(firstName,surname,addressId,contactNumber,email,nationalIdNumber,employmentDate,employed,department) VALUES ('Queenie','Mesla','3','0784569984','qqmes@gmail.com','9703060023087','1997/03/06','1','Maintenance')
INSERT INTO Employee(firstName,surname,addressId,contactNumber,email,nationalIdNumber,employmentDate,employed,department) VALUES ('Fasee','Kriell','5','0840044589','kriell@fasee.co.za','8407210056023','1984/07/21','1','Maintenance')
INSERT INTO Employee(firstName,surname,addressId,contactNumber,email,nationalIdNumber,employmentDate,employed,department) VALUES ('Ursula','Ariel','4','0851236985','u.ariel@vodamail.com','7504300026045','1975/04/30','1','Maintenance')
INSERT INTO Employee(firstName,surname,addressId,contactNumber,email,nationalIdNumber,employmentDate,employed,department) VALUES ('Tina','Bell','8','0630254784','bell.tina@gmail.com','7405120056087','1974/05/12','1','Maintenance')


INSERT INTO Specialisation([name],[description]) VALUES ('Office Technician','Fix printers of all types')
INSERT INTO Specialisation([name],[description]) VALUES ('Plumbing','Fix pipes and toilets')
INSERT INTO Specialisation([name],[description]) VALUES ('Electrician','Fix electrical problems')
INSERT INTO Specialisation([name],[description]) VALUES ('Painter','Paint buildings')
INSERT INTO Specialisation([name],[description]) VALUES ('Gardener','Maintain garden')
INSERT INTO Specialisation([name],[description]) VALUES ('Communication Technician','Maintain telephone lines')
INSERT INTO Specialisation([name],[description]) VALUES ('Paver','Repairs paving outside')
INSERT INTO Specialisation([name],[description]) VALUES ('Window washer','Cleans windows of all sizes')
INSERT INTO Specialisation([name],[description]) VALUES ('Carpenter','Lays carpets')
INSERT INTO Specialisation([name],[description]) VALUES ('Samsung Technician','Repairs Samsung devices')
INSERT INTO Specialisation([name],[description]) VALUES ('HP Technician','Repairs HP devices')
INSERT INTO Specialisation([name],[description]) VALUES ('WiFi Installer','Installs WiFi from scratch')
INSERT INTO Specialisation([name],[description]) VALUES ('Animal Control','Controlling of all unwanted pests, such as rats')


INSERT INTO ClientIndividual(firstName, surname, addressId, contactNumber, email, nationalIdNumber, RegistrationDate,[active]) VALUES ('John','Mike','1','0972841135','john@gmail.com','9012010045089','1990/01/01','1')
INSERT INTO ClientIndividual(firstName, surname, addressId, contactNumber, email, nationalIdNumber, RegistrationDate,[active]) VALUES ('Joe','Mitch','1','0981345513','joe@gmail.com','0001010056023','2000/01/01','1')
INSERT INTO ClientIndividual(firstName, surname, addressId, contactNumber, email, nationalIdNumber, RegistrationDate,[active]) VALUES ('Jane','Soft','2','0663212235','jane@gmail.com','0202200056088','2002/02/20','0')
INSERT INTO ClientIndividual(firstName, surname, addressId, contactNumber, email, nationalIdNumber, RegistrationDate,[active]) VALUES ('Peter','Small','4','0743456672','peter@gmail.com','0403040088089','2000/03/04','1')
INSERT INTO ClientIndividual(firstName, surname, addressId, contactNumber, email, nationalIdNumber, RegistrationDate,[active]) VALUES ('Jaco','Musk','5','0234566752','jaco@gmail.com','1203210089099','2012/09/21','1')
INSERT INTO ClientIndividual(firstName, surname, addressId, contactNumber, email, nationalIdNumber, RegistrationDate,[active]) VALUES ('Ulrika','Hutch','11','0894552236','ulrika@gmail.com','9803230056089','1998/03/23','1')
INSERT INTO ClientIndividual(firstName, surname, addressId, contactNumber, email, nationalIdNumber, RegistrationDate,[active]) VALUES ('Dillan','de Waal','3','0562231554','dewaal@hotmail.com','7803310055069','1978/03/31','1')
INSERT INTO ClientIndividual(firstName, surname, addressId, contactNumber, email, nationalIdNumber, RegistrationDate,[active]) VALUES ('Kellyn','Kinnear','6','0238897777','k.kinnear@gmail.com','9502140023086','1995/02/14','0')
INSERT INTO ClientIndividual(firstName, surname, addressId, contactNumber, email, nationalIdNumber, RegistrationDate,[active]) VALUES ('Jake','Jackson','8','0560080808','jacksonejake@gmail.com','8512110088065','1985/12/11','1')
INSERT INTO ClientIndividual(firstName, surname, addressId, contactNumber, email, nationalIdNumber, RegistrationDate,[active]) VALUES ('Oliver','Twist','14','0784451236','ollie.twist@vodamail.com','8810310045089','1988/10/31','1')


INSERT INTO ClientBusiness([busuinessName],[addressId],[contactNumber],[taxNumber],[RegistrationDate],[active])VALUES ('WeSellThings','5','0122598899','8729293812','2000/03/21','1')
INSERT INTO ClientBusiness([busuinessName],[addressId],[contactNumber],[taxNumber],[RegistrationDate],[active])VALUES ('TakeALittle','4','0315561254','8762128491','1994/03/19','1')
INSERT INTO ClientBusiness([busuinessName],[addressId],[contactNumber],[taxNumber],[RegistrationDate],[active])VALUES ('AmaGone','9','0315569874','7263749182','1980/12/21','1')
INSERT INTO ClientBusiness([busuinessName],[addressId],[contactNumber],[taxNumber],[RegistrationDate],[active])VALUES ('Milk At Large','3','0125698745','7462919202','1892/12/01','1')
INSERT INTO ClientBusiness([busuinessName],[addressId],[contactNumber],[taxNumber],[RegistrationDate],[active])VALUES ('Bored At Home','1','0453694587','6273819283','2020/03/21','1')
INSERT INTO ClientBusiness([busuinessName],[addressId],[contactNumber],[taxNumber],[RegistrationDate],[active])VALUES ('Phones R Us','15','0125648878','2354123652','2021/03/29','0')
INSERT INTO ClientBusiness([busuinessName],[addressId],[contactNumber],[taxNumber],[RegistrationDate],[active])VALUES ('Pick And Swipe','13','0316587788','1256878654','2004/07/05','1')
INSERT INTO ClientBusiness([busuinessName],[addressId],[contactNumber],[taxNumber],[RegistrationDate],[active])VALUES ('Kua Kua','10','0123658899','2587456454','2013/07/24','1')
INSERT INTO ClientBusiness([busuinessName],[addressId],[contactNumber],[taxNumber],[RegistrationDate],[active])VALUES ('New Ages','8','0314578000','2356987745','2007/04/30','1')
INSERT INTO ClientBusiness([busuinessName],[addressId],[contactNumber],[taxNumber],[RegistrationDate],[active])VALUES ('Mr B Delivery','7','0124587798','5987456565','2018/08/25','1')


INSERT INTO ServicePackage([name],[onPromotion],[promotionStartDate],[promotionEndDate],[price],[promotionPercentAmount]) VALUES ('Samsung Appliances','0','1900/01/01','1900/01/01','1000','0')
INSERT INTO ServicePackage([name],[onPromotion],[promotionStartDate],[promotionEndDate],[price],[promotionPercentAmount]) VALUES ('Office Printers','0','1900/01/01','1900/01/01','5000','0')
INSERT INTO ServicePackage([name],[onPromotion],[promotionStartDate],[promotionEndDate],[price],[promotionPercentAmount]) VALUES ('Flooring','0','1900/01/01','1900/01/01','30000','0')
INSERT INTO ServicePackage([name],[onPromotion],[promotionStartDate],[promotionEndDate],[price],[promotionPercentAmount]) VALUES ('Phones','0','1900/01/01','1900/01/01','15000','0')
INSERT INTO ServicePackage([name],[onPromotion],[promotionStartDate],[promotionEndDate],[price],[promotionPercentAmount]) VALUES ('Gardening','1','2021/03/01','2021/06/01','20000','15')
INSERT INTO ServicePackage([name],[onPromotion],[promotionStartDate],[promotionEndDate],[price],[promotionPercentAmount]) VALUES ('Nokia Devices','0','1900/01/01','1900/01/01','7000','0')
INSERT INTO ServicePackage([name],[onPromotion],[promotionStartDate],[promotionEndDate],[price],[promotionPercentAmount]) VALUES ('HP Equipment','1','2021/01/01','2021/06/30','4500','25')
INSERT INTO ServicePackage([name],[onPromotion],[promotionStartDate],[promotionEndDate],[price],[promotionPercentAmount]) VALUES ('Painting','0','1900/01/01','1900/01/01','6300','0')
INSERT INTO ServicePackage([name],[onPromotion],[promotionStartDate],[promotionEndDate],[price],[promotionPercentAmount]) VALUES ('Outside Maintenance','1','2021/10/01','2021/12/31','30000','10')
INSERT INTO ServicePackage([name],[onPromotion],[promotionStartDate],[promotionEndDate],[price],[promotionPercentAmount]) VALUES ('Indoor Maintenance','0','1900/01/01','1900/01/01','50000','0')
INSERT INTO ServicePackage([name],[onPromotion],[promotionStartDate],[promotionEndDate],[price],[promotionPercentAmount]) VALUES ('Pest Control','0','1900/01/01','1900/01/01','4000','0')

INSERT INTO ServicePackageState([name],[onPromotion],[promotionStartDate],[promotionEndDate],[price],[promotionPercentAmount]) VALUES ('Samsung Appliances','0','1900/01/01','1900/01/01','1000','0')
INSERT INTO ServicePackageState([name],[onPromotion],[promotionStartDate],[promotionEndDate],[price],[promotionPercentAmount]) VALUES ('Office Printers','0','1900/01/01','1900/01/01','5000','0')
INSERT INTO ServicePackageState([name],[onPromotion],[promotionStartDate],[promotionEndDate],[price],[promotionPercentAmount]) VALUES ('Flooring','0','1900/01/01','1900/01/01','30000','0')
INSERT INTO ServicePackageState([name],[onPromotion],[promotionStartDate],[promotionEndDate],[price],[promotionPercentAmount]) VALUES ('Phones','0','1900/01/01','1900/01/01','15000','0')
INSERT INTO ServicePackageState([name],[onPromotion],[promotionStartDate],[promotionEndDate],[price],[promotionPercentAmount]) VALUES ('Gardening','1','2021/03/01','2021/06/01','20000','15')
INSERT INTO ServicePackageState([name],[onPromotion],[promotionStartDate],[promotionEndDate],[price],[promotionPercentAmount]) VALUES ('Nokia Devices','0','1900/01/01','1900/01/01','7000','0')
INSERT INTO ServicePackageState([name],[onPromotion],[promotionStartDate],[promotionEndDate],[price],[promotionPercentAmount]) VALUES ('HP Equipment','1','2021/01/01','2021/06/30','4500','25')
INSERT INTO ServicePackageState([name],[onPromotion],[promotionStartDate],[promotionEndDate],[price],[promotionPercentAmount]) VALUES ('Painting','0','1900/01/01','1900/01/01','6300','0')
INSERT INTO ServicePackageState([name],[onPromotion],[promotionStartDate],[promotionEndDate],[price],[promotionPercentAmount]) VALUES ('Outside Maintenance','1','2021/10/01','2021/12/31','30000','10')
INSERT INTO ServicePackageState([name],[onPromotion],[promotionStartDate],[promotionEndDate],[price],[promotionPercentAmount]) VALUES ('Indoor Maintenance','0','1900/01/01','1900/01/01','50000','0')
INSERT INTO ServicePackageState([name],[onPromotion],[promotionStartDate],[promotionEndDate],[price],[promotionPercentAmount]) VALUES ('Pest Control','0','1900/01/01','1900/01/01','4000','0')


INSERT INTO [Service]([name],[description]) VALUES('Fix ink jet printers','Fix all types of ink jet printers, excluding HP')
INSERT INTO [Service]([name],[description]) VALUES('Repair toilet pipes','Replace broken toilet pipes')
INSERT INTO [Service]([name],[description]) VALUES('Remove weeds','Remove weeds from gardens and between paving stones')
INSERT INTO [Service]([name],[description]) VALUES('Replace plugs','Replace a broken or defective plug point')
INSERT INTO [Service]([name],[description]) VALUES('Exterminate wasps','Remove wasps from areas ')
INSERT INTO [Service]([name],[description]) VALUES('Exterminate rats','Remove rats from areas')
INSERT INTO [Service]([name],[description]) VALUES('Fix laser printers','Fix all types of laser printers')
INSERT INTO [Service]([name],[description]) VALUES('Plant flowers','Plant flowers in garden beds, includes watering the garden after planting')
INSERT INTO [Service]([name],[description]) VALUES('Replace missing bricks','Place new bricks in place of missing bricks')
INSERT INTO [Service]([name],[description]) VALUES('Paint outside walls','Paint the outer walls of the building a desired colour')
INSERT INTO [Service]([name],[description]) VALUES('Paint inside walls','Paint the interior walls of the building a desired colour')
INSERT INTO [Service]([name],[description]) VALUES('Maintain HP printer','Routine maintenance on HP office printer')
INSERT INTO [Service]([name],[description]) VALUES('Debug HP laptop','Find and fix the bugs on a HP office notebook or laptop')
INSERT INTO [Service]([name],[description]) VALUES('Maintain Samsung fridge','Routine maintenance on Samsung smart fridge - office use only')
INSERT INTO [Service]([name],[description]) VALUES('Reconnect router','Reconnect the disconnected WiFi router in the office')
INSERT INTO [Service]([name],[description]) VALUES('Replace telephone buttons','Replace the missing buttons on an office telephone - cannot guarantee matching')
INSERT INTO [Service]([name],[description]) VALUES('Fix leaking sink','Find and fix the cause of a leaking sink in the bathroom')
INSERT INTO [Service]([name],[description]) VALUES('Fix broken window','Replace the shattered glass of a window - does not include the pane')
INSERT INTO [Service]([name],[description]) VALUES('Fix Nokia screen','Replace the screen on a Nokia device')


INSERT INTO ServiceState([name],[description]) VALUES('Fix ink jet printers','Fix all types of ink jet printers, excluding HP')
INSERT INTO ServiceState([name],[description]) VALUES('Repair toilet pipes','Replace broken toilet pipes')
INSERT INTO ServiceState([name],[description]) VALUES('Remove weeds','Remove weeds from gardens and between paving stones')
INSERT INTO ServiceState([name],[description]) VALUES('Replace plugs','Replace a broken or defective plug point')
INSERT INTO ServiceState([name],[description]) VALUES('Exterminate wasps','Remove wasps from areas ')
INSERT INTO ServiceState([name],[description]) VALUES('Exterminate rats','Remove rats from areas')
INSERT INTO ServiceState([name],[description]) VALUES('Fix laser printers','Fix all types of laser printers')
INSERT INTO ServiceState([name],[description]) VALUES('Plant flowers','Plant flowers in garden beds, includes watering the garden after planting')
INSERT INTO ServiceState([name],[description]) VALUES('Replace missing bricks','Place new bricks in place of missing bricks')
INSERT INTO ServiceState([name],[description]) VALUES('Paint outside walls','Paint the outer walls of the building a desired colour')
INSERT INTO ServiceState([name],[description]) VALUES('Paint inside walls','Paint the interior walls of the building a desired colour')
INSERT INTO ServiceState([name],[description]) VALUES('Maintain HP printer','Routine maintenance on HP office printer')
INSERT INTO ServiceState([name],[description]) VALUES('Debug HP laptop','Find and fix the bugs on a HP office notebook or laptop')
INSERT INTO ServiceState([name],[description]) VALUES('Maintain Samsung fridge','Routine maintenance on Samsung smart fridge - office use only')
INSERT INTO ServiceState([name],[description]) VALUES('Reconnect router','Reconnect the disconnected WiFi router in the office')
INSERT INTO ServiceState([name],[description]) VALUES('Replace telephone buttons','Replace the missing buttons on an office telephone - cannot guarantee matching')
INSERT INTO ServiceState([name],[description]) VALUES('Fix leaking sink','Find and fix the cause of a leaking sink in the bathroom')
INSERT INTO ServiceState([name],[description]) VALUES('Fix broken window','Replace the shattered glass of a window - does not include the pane')
INSERT INTO ServiceState([name],[description]) VALUES('Fix Nokia screen','Replace the screen on a Nokia device')


INSERT INTO [Call](startTime, endTime, ClientIndividualID, employeeID, callNotes) VALUES ('2000/01/19 06:30:00','2000/01/19 06:50:12','1','1','Broken pipes in mens room - water everywhere')
INSERT INTO [Call](startTime, endTime, ClientBusinessID, employeeID, callNotes) VALUES ('2018/12/18 12:15:55','2018/12/18 12:36:55','2','2','Garden is full of weeds - take pesticide. All flowers have died')
INSERT INTO [Call](startTime, endTime, ClientIndividualID, employeeID, callNotes) VALUES ('2001/11/16 15:35:54','2001/11/16 15:55:34','3','1','Light switches wont work in the meeting room')
INSERT INTO [Call](startTime, endTime, ClientBusinessID, employeeID, callNotes) VALUES ('2003/01/25 16:45:12','2003/01/25 16:59:12','5','6','Printer jammed - cannot get paper out and keeps giving an error')
INSERT INTO [Call](startTime, endTime, ClientIndividualID, employeeID, callNotes) VALUES ('2010/07/08 11:05:44','2010/07/08 11:09:57','5','2','Wall has paint chips and is due for a fresh coat - Sand Storm Colour (Dulux)')
INSERT INTO [Call](startTime, endTime, ClientIndividualID, employeeID, callNotes) VALUES ('2005/08/17 15:03:44','2005/08/17 15:23:49','2','6','Wasps outside the main door')
INSERT INTO [Call](startTime, endTime, ClientBusinessID, employeeID, callNotes) VALUES ('2021/01/14 10:11:55','2021/01/14 10:25:42','1','2','Printer does not want to accept the cartridge')
INSERT INTO [Call](startTime, endTime, ClientIndividualID, employeeID, callNotes) VALUES ('2021/04/28 14:25:55','2021/04/28 14:55:58','9','6','Rats can be heard in the roof')
INSERT INTO [Call](startTime, endTime, ClientBusinessID, employeeID, callNotes) VALUES ('2021/03/13 09:54:41','2021/03/13 10:05:36','4','1','No incoming calls are being received - lines seem to be down')
INSERT INTO [Call](startTime, endTime, ClientBusinessID, employeeID, callNotes) VALUES ('2020/05/29 12:04:48','2020/05/29 12:34:55','3','9','Routine maintenance on HP printer')
INSERT INTO [Call](startTime, endTime, ClientIndividualID, employeeID, callNotes) VALUES ('2020/08/07 07:10:58','2020/08/07 07:18:22','6','1','WiFi has been off for three days - cables have been chewed')
INSERT INTO [Call](startTime, endTime, ClientBusinessID, employeeID, callNotes) VALUES ('2021/04/27 09:02:55','2021/04/27 09:45:12','6','2','Roses are being eaten by lice - take pesticides for 4 rose beds')
INSERT INTO [Call](startTime, endTime, ClientIndividualID, employeeID, callNotes) VALUES ('2021/01/19 13:45:55','2021/01/19 13:59:54','4','1','Light bulbs are no longer dimming')
INSERT INTO [Call](startTime, endTime, ClientBusinessID, employeeID, callNotes) VALUES ('2019/12/01 12:05:07','2019/12/01 12:15:47','7','6','Door is jammed and people are trapped inside the bathroom')
INSERT INTO [Call](startTime, endTime, ClientBusinessID, employeeID, callNotes) VALUES ('2019/07/25 11:11:11','2019/07/25 11:22:22','10','2','Womens bathroom is underwater - potential burst pipe')
INSERT INTO [Call](startTime, endTime, ClientIndividualID, employeeID, callNotes) VALUES ('2017/09/11 07:35:04','2017/09/11 07:48:56','7','6','Bird has flown throught glass window - glass needs replacing')
INSERT INTO [Call](startTime, endTime, ClientIndividualID, employeeID, callNotes) VALUES ('2021/05/04 16:05:44','2021/05/14 16:19:07','8','2','Computers not connecting to the in-house WiFi')
INSERT INTO [Call](startTime, endTime, ClientBusinessID, employeeID, callNotes) VALUES ('2021/05/01 12:44:17','2021/05/01 12:54:45','8','6','Samsung fridge in office is not receiving power - potential cable or plug damage')
INSERT INTO [Call](startTime, endTime, ClientIndividualID, employeeID, callNotes) VALUES ('2018/03/31 14:47:23','2018/03/31 14:58:02','10','1','Replacement of old keyboard and mouses needed in office')
INSERT INTO [Call](startTime, endTime, ClientBusinessID, employeeID, callNotes) VALUES ('2021/04/08 09:23:45','2021/04/08 09:42:55','9','9','Laser printer is not printing correctly')


INSERT INTO ServiceRequest(callID,closed,description,priorityLevel) VALUES ('1','1','Broken pipes in mens room - water everywhere','PLA1')
INSERT INTO ServiceRequest(callID,closed,description,priorityLevel) VALUES ('2','1','Garden is full of weeds - take pesticide. All flowers have died','GOL3')
INSERT INTO ServiceRequest(callID,closed,description,priorityLevel) VALUES ('3','1','Light switches wont work in the meeting room','SIL5')
INSERT INTO ServiceRequest(callID,closed,description,priorityLevel) VALUES ('4','0','Printer jammed - cannot get paper out and keeps giving an error','BRO7')
INSERT INTO ServiceRequest(callID,closed,description,priorityLevel) VALUES ('5','0','Wall has paint chips and is due for a fresh coat - Sand Storm Colour (Dulux)','PLA2')
INSERT INTO ServiceRequest(callID,closed,description,priorityLevel) VALUES ('6','0','Wasps outside the main door','SPE3')
INSERT INTO ServiceRequest(callID,closed,description,priorityLevel) VALUES ('7','0','Printer does not want to accept the cartridge','SIL6')
INSERT INTO ServiceRequest(callID,closed,description,priorityLevel) VALUES ('8','0','Rats can be heard in the roof','BRO8')
INSERT INTO ServiceRequest(callID,closed,description,priorityLevel) VALUES ('9','0','No incoming calls are being received - lines seem to be down','SPE3')
INSERT INTO ServiceRequest(callID,closed,description,priorityLevel) VALUES ('10','1','Routine maintenance on HP printer','SIL6')
INSERT INTO ServiceRequest(callID,closed,description,priorityLevel) VALUES ('11','0','WiFi has been off for three days - cables have been chewed','BRO7')
INSERT INTO ServiceRequest(callID,closed,description,priorityLevel) VALUES ('12','1','Roses are being eaten by lice - take pesticides for 4 rose beds','GOL3')
INSERT INTO ServiceRequest(callID,closed,description,priorityLevel) VALUES ('13','1','Light bulbs are no longer dimming','SIL5')
INSERT INTO ServiceRequest(callID,closed,description,priorityLevel) VALUES ('14','1','Door is jammed and people are trapped inside the bathroom','BRO8')
INSERT INTO ServiceRequest(callID,closed,description,priorityLevel) VALUES ('15','0','Womens bathroom is underwater - potential burst pipe','SIL5')
INSERT INTO ServiceRequest(callID,closed,description,priorityLevel) VALUES ('16','1','Bird has flown throught glass window - glass needs replacing','BRO8')
INSERT INTO ServiceRequest(callID,closed,description,priorityLevel) VALUES ('17','0','Computers not connecting to the in-house WiFi','BRO7')
INSERT INTO ServiceRequest(callID,closed,description,priorityLevel) VALUES ('18','0','Samsung fridge in office is not receiving power - potential cable or plug damage','PLA2')
INSERT INTO ServiceRequest(callID,closed,description,priorityLevel) VALUES ('19','0','Replacement of old keyboard and mouses needed in office','PLA1')
INSERT INTO ServiceRequest(callID,closed,description,priorityLevel) VALUES ('20','0','Laser printer is not printing correctly','PLA1')


INSERT INTO [Job](addressId,ServiceRequestID,notes,currentState,specialisationId,amountOfEmployeesNeeded) VALUES ('1','1', 'Broken pipes in mens room - water everywhere','0','3','1')
INSERT INTO [Job](addressId,ServiceRequestID,notes,currentState,specialisationId,amountOfEmployeesNeeded) VALUES ('2','2', 'Garden is full of weeds - take pesticide. All flowers have died','0','3','2')
INSERT INTO [Job](addressId,ServiceRequestID,notes,currentState,specialisationId,amountOfEmployeesNeeded) VALUES ('3','3', 'Light switches wont work in the meeting room','1','2','3')
INSERT INTO [Job](addressId,ServiceRequestID,notes,currentState,specialisationId,amountOfEmployeesNeeded) VALUES ('4','4', 'Printer jammed - cannot get paper out and keeps giving an error','0','5','2')
INSERT INTO [Job](addressId,ServiceRequestID,notes,currentState,specialisationId,amountOfEmployeesNeeded) VALUES ('5','16', 'Wall has paint chips and is due for a fresh coat - Sand Storm Colour (Dulux)','1','4','2')
INSERT INTO [Job](addressId,ServiceRequestID,notes,currentState,specialisationId,amountOfEmployeesNeeded) VALUES ('5','5', 'Wasps outside the main door','0','10','5')
INSERT INTO [Job](addressId,ServiceRequestID,notes,currentState,specialisationId,amountOfEmployeesNeeded) VALUES ('10','12', 'Printer does not want to accept the cartridge','1','11','1')
INSERT INTO [Job](addressId,ServiceRequestID,notes,currentState,specialisationId,amountOfEmployeesNeeded) VALUES ('14','20', 'Rats can be heard in the roof','2','5','2')
INSERT INTO [Job](addressId,ServiceRequestID,notes,currentState,specialisationId,amountOfEmployeesNeeded) VALUES ('7','5', 'No incoming calls are being received - lines seem to be down','1','3','1')
INSERT INTO [Job](addressId,ServiceRequestID,notes,currentState,specialisationId,amountOfEmployeesNeeded) VALUES ('5','4', 'Routine maintenance on HP printer','0','8','2')
INSERT INTO [Job](addressId,ServiceRequestID,notes,currentState,specialisationId,amountOfEmployeesNeeded) VALUES ('7','11', 'WiFi has been off for three days - cables have been chewed','0','7','4')
INSERT INTO [Job](addressId,ServiceRequestID,notes,currentState,specialisationId,amountOfEmployeesNeeded) VALUES ('6','5', 'Roses are being eaten by lice - take pesticides for 4 rose beds','0','9','1')
INSERT INTO [Job](addressId,ServiceRequestID,notes,currentState,specialisationId,amountOfEmployeesNeeded) VALUES ('10','10', 'Door is jammed and people are trapped inside the bathroom','0','4','1')
INSERT INTO [Job](addressId,ServiceRequestID,notes,currentState,specialisationId,amountOfEmployeesNeeded) VALUES ('8','19', 'Womens bathroom is underwater - potential burst pipe','2','3','2')
INSERT INTO [Job](addressId,ServiceRequestID,notes,currentState,specialisationId,amountOfEmployeesNeeded) VALUES ('6','13', 'Bird has flown throught glass window - glass needs replacing','0','2','1')
INSERT INTO [Job](addressId,ServiceRequestID,notes,currentState,specialisationId,amountOfEmployeesNeeded) VALUES ('5','5', 'Computers not connecting to the in-house WiFi','0','3','1')
INSERT INTO [Job](addressId,ServiceRequestID,notes,currentState,specialisationId,amountOfEmployeesNeeded) VALUES ('4','8', 'Samsung fridge in office is not receiving power - potential cable or plug damage','0','3','5')
INSERT INTO [Job](addressId,ServiceRequestID,notes,currentState,specialisationId,amountOfEmployeesNeeded) VALUES ('9','4', 'Replacement of old keyboard and mouses needed in office','1','10','4')
INSERT INTO [Job](addressId,ServiceRequestID,notes,currentState,specialisationId,amountOfEmployeesNeeded) VALUES ('11','10', 'Laser printer is not printing correctly','0','3','1')
INSERT INTO [Job](addressId,ServiceRequestID,notes,currentState,specialisationId,amountOfEmployeesNeeded) VALUES ('12','15', 'Roses are being eaten by lice - take pesticides for 4 rose beds','2','13','3')
INSERT INTO [Job](addressId,ServiceRequestID,notes,currentState,specialisationId,amountOfEmployeesNeeded) VALUES ('7','7', 'Light bulbs are no longer dimming','0','12','2')
INSERT INTO [Job](addressId,ServiceRequestID,notes,currentState,specialisationId,amountOfEmployeesNeeded) VALUES ('9','9', 'Door is jammed and people are trapped inside the bathroom','1','10','1')
INSERT INTO [Job](addressId,ServiceRequestID,notes,currentState,specialisationId,amountOfEmployeesNeeded) VALUES ('7','7', 'Womens bathroom is underwater - potential burst pipe','0','11','2')
INSERT INTO [Job](addressId,ServiceRequestID,notes,currentState,specialisationId,amountOfEmployeesNeeded) VALUES ('4','14', 'Bird has flown throught glass window - glass needs replacing','1','7','1')
INSERT INTO [Job](addressId,ServiceRequestID,notes,currentState,specialisationId,amountOfEmployeesNeeded) VALUES ('12','18', 'Computers not connecting to the in-house WiFi','0','7','4')
INSERT INTO [Job](addressId,ServiceRequestID,notes,currentState,specialisationId,amountOfEmployeesNeeded) VALUES ('3','10', 'Samsung fridge in office is not receiving power - potential cable or plug damage','1','5','1')
INSERT INTO [Job](addressId,ServiceRequestID,notes,currentState,specialisationId,amountOfEmployeesNeeded) VALUES ('1','17', 'Light bulbs are no longer dimming','1','4','2')


INSERT INTO [Contract]([startDate],[endDate],[activeContract],priorityLevel,price,contractType) VALUES('2004/05/25','2005/05/25','0','','0','Building Maintenance')
INSERT INTO [Contract]([startDate],[endDate],[activeContract],priorityLevel,price,contractType) VALUES('2008/10/20','2010/10/20','0','','0','Garden Maintenance')
INSERT INTO [Contract]([startDate],[endDate],[activeContract],priorityLevel,price,contractType) VALUES('2015/01/01','2015/12/31','0','','0','General Equipment Maintenance')
INSERT INTO [Contract]([startDate],[endDate],[activeContract],priorityLevel,price,contractType) VALUES('2016/01/01','2018/12/31','0','','0','Office Equipment Maintenance')
INSERT INTO [Contract]([startDate],[endDate],[activeContract],priorityLevel,price,contractType) VALUES('2017/05/01','2020/10/01','0','','0','Communication Equipment Maintenance')
INSERT INTO [Contract]([startDate],[endDate],[activeContract],priorityLevel,price,contractType) VALUES('2019/01/01','2021/12/31','1','','0','Building Maintenance')
INSERT INTO [Contract]([startDate],[endDate],[activeContract],priorityLevel,price,contractType) VALUES('2020/05/31','2021/05/31','1','','0','Property Maintenace')
INSERT INTO [Contract]([startDate],[endDate],[activeContract],priorityLevel,price,contractType) VALUES('2020/06/01','2022/06/01','1','','0','Office Equipment Maintenance')
INSERT INTO [Contract]([startDate],[endDate],[activeContract],priorityLevel,price,contractType) VALUES('2020/01/01','2022/12/31','1','','0','Communication Equipment Maintenance')
INSERT INTO [Contract]([startDate],[endDate],[activeContract],priorityLevel,price,contractType) VALUES('2021/01/01','2021/12/31','1','','0','Wireless Connectivity Maintenance')
INSERT INTO [Contract]([startDate],[endDate],[activeContract],priorityLevel,price,contractType) VALUES('2021/04/20','2023/04/20','1','','0','Garden Maintenance')
INSERT INTO [Contract]([startDate],[endDate],[activeContract],priorityLevel,price,contractType) VALUES('2021/05/01','2021/05/19','1','','0','Bathroom Repairs')
INSERT INTO [Contract]([startDate],[endDate],[activeContract],priorityLevel,price,contractType) VALUES('2021/01/01','2021/06/30','1','','0','Routine Maintenance')
INSERT INTO [Contract]([startDate],[endDate],[activeContract],priorityLevel,price,contractType) VALUES('2021/03/01','2022/01/01','1','','0','Property Maintenace')
INSERT INTO [Contract]([startDate],[endDate],[activeContract],priorityLevel,price,contractType) VALUES('2021/02/01','2021/05/01','1','','0','Communication Equipment Maintenance')


INSERT INTO [ContractState]([startDate],[endDate],[activeContract],priorityLevel,price,contractType,oldContractId) VALUES('2004/05/25','2005/01/25','0','BRO8','40000','Building Maintenance',(SELECT contractNumber FROM [Contract] WHERE contractID = '1'))
INSERT INTO [ContractState]([startDate],[endDate],[activeContract],priorityLevel,price,contractType,oldContractId) VALUES('2004/05/25','2005/05/20','0','SIL6','45000','Building Maintenance',(SELECT contractNumber FROM [Contract] WHERE contractID = '1'))
INSERT INTO [ContractState]([startDate],[endDate],[activeContract],priorityLevel,price,contractType,oldContractId) VALUES('2008/10/20','2009/10/20','0','PLA2','20000','Garden Maintenance',(SELECT contractNumber FROM [Contract] WHERE contractID = '2'))
INSERT INTO [ContractState]([startDate],[endDate],[activeContract],priorityLevel,price,contractType,oldContractId) VALUES('2008/10/20','2010/10/20','0','BRO7','12000','Garden Maintenance',(SELECT contractNumber FROM [Contract] WHERE contractID = '2'))
INSERT INTO [ContractState]([startDate],[endDate],[activeContract],priorityLevel,price,contractType,oldContractId) VALUES('2015/01/01','2015/12/31','0','GOL3','16000','General Equipment Maintenance',(SELECT contractNumber FROM [Contract] WHERE contractID = '3'))
INSERT INTO [ContractState]([startDate],[endDate],[activeContract],priorityLevel,price,contractType,oldContractId) VALUES('2016/01/01','2018/12/31','0','GOL3','14000','Office Equipment Maintenance',(SELECT contractNumber FROM [Contract] WHERE contractID = '4'))
INSERT INTO [ContractState]([startDate],[endDate],[activeContract],priorityLevel,price,contractType,oldContractId) VALUES('2017/05/01','2020/10/01','0','PLA2','15800','Communication Equipment Maintenance',(SELECT contractNumber FROM [Contract] WHERE contractID = '5'))
INSERT INTO [ContractState]([startDate],[endDate],[activeContract],priorityLevel,price,contractType,oldContractId) VALUES('2019/01/01','2021/10/31','1','BRO8','17000','Building Maintenance',(SELECT contractNumber FROM [Contract] WHERE contractID = '6'))
INSERT INTO [ContractState]([startDate],[endDate],[activeContract],priorityLevel,price,contractType,oldContractId) VALUES('2019/10/01','2021/12/31','1','GOL3','25000','Building Maintenance',(SELECT contractNumber FROM [Contract] WHERE contractID = '6'))
INSERT INTO [ContractState]([startDate],[endDate],[activeContract],priorityLevel,price,contractType,oldContractId) VALUES('2020/05/31','2021/05/28','1','PLA1','10000','Property Maintenace',(SELECT contractNumber FROM [Contract] WHERE contractID = '7'))
INSERT INTO [ContractState]([startDate],[endDate],[activeContract],priorityLevel,price,contractType,oldContractId) VALUES('2020/10/31','2021/05/31','1','GOL4','8000','Property Maintenace',(SELECT contractNumber FROM [Contract] WHERE contractID = '7'))
INSERT INTO [ContractState]([startDate],[endDate],[activeContract],priorityLevel,price,contractType,oldContractId) VALUES('2020/06/01','2022/06/01','1','SIL5','5000','Office Equipment Maintenance',(SELECT contractNumber FROM [Contract] WHERE contractID = '8'))
INSERT INTO [ContractState]([startDate],[endDate],[activeContract],priorityLevel,price,contractType,oldContractId) VALUES('2020/01/01','2022/01/31','1','BRO7','10000','Communication Equipment Maintenance',(SELECT contractNumber FROM [Contract] WHERE contractID = '9'))
INSERT INTO [ContractState]([startDate],[endDate],[activeContract],priorityLevel,price,contractType,oldContractId) VALUES('2020/06/01','2022/01/31','1','BRO7','10000','Communication Equipment Maintenance',(SELECT contractNumber FROM [Contract] WHERE contractID = '9'))
INSERT INTO [ContractState]([startDate],[endDate],[activeContract],priorityLevel,price,contractType,oldContractId) VALUES('2021/01/01','2021/12/31','1','GOL4','14500','Wireless Connectivity Maintenance',(SELECT contractNumber FROM [Contract] WHERE contractID = '10'))
INSERT INTO [ContractState]([startDate],[endDate],[activeContract],priorityLevel,price,contractType,oldContractId) VALUES('2021/04/20','2023/04/20','1','SIL6','18000','Garden Maintenance',(SELECT contractNumber FROM [Contract] WHERE contractID = '11'))
INSERT INTO [ContractState]([startDate],[endDate],[activeContract],priorityLevel,price,contractType,oldContractId) VALUES('2021/04/20','2023/04/20','1','SIL5','20000','Garden Maintenance',(SELECT contractNumber FROM [Contract] WHERE contractID = '11'))
INSERT INTO [ContractState]([startDate],[endDate],[activeContract],priorityLevel,price,contractType,oldContractId) VALUES('2021/04/20','2023/04/20','1','BRO8','13000','Garden Maintenance',(SELECT contractNumber FROM [Contract] WHERE contractID = '11'))
INSERT INTO [ContractState]([startDate],[endDate],[activeContract],priorityLevel,price,contractType,oldContractId) VALUES('2021/05/01','2021/05/19','1','SIL5','20000','Bathroom Repairs',(SELECT contractNumber FROM [Contract] WHERE contractID = '12'))
INSERT INTO [ContractState]([startDate],[endDate],[activeContract],priorityLevel,price,contractType,oldContractId) VALUES('2021/05/01','2021/05/19','1','SIL5','20000','Bathroom Repairs',(SELECT contractNumber FROM [Contract] WHERE contractID = '12'))
INSERT INTO [ContractState]([startDate],[endDate],[activeContract],priorityLevel,price,contractType,oldContractId) VALUES('2021/02/01','2021/05/01','0','GOL3','12000','Communication Equipment Maintenance',(SELECT contractNumber FROM [Contract] WHERE contractID = '15'))


INSERT INTO ClientBusinessEmployee(businessID,firstName,surname,department,contactNumber,email) VALUES ('10','Samuel','Jackson','Telemarketing','0457894562','samsam@gmail.com')
INSERT INTO ClientBusinessEmployee(businessID,firstName,surname,department,contactNumber,email) VALUES ('2','Juniper','Friday','HR','0784561111','junefri@gmail.com')
INSERT INTO ClientBusinessEmployee(businessID,firstName,surname,department,contactNumber,email) VALUES ('3','Greg','Hall','Garden Manager','0752369874','hallman@hotmail.com')
INSERT INTO ClientBusinessEmployee(businessID,firstName,surname,department,contactNumber,email) VALUES ('5','Hayley','Shae','Plumber','0784568899','shae.hayley@gmail.com')
INSERT INTO ClientBusinessEmployee(businessID,firstName,surname,department,contactNumber,email) VALUES ('6','Miena','van der Vyver','Telemarketing','0568974555','vdv.miena@vodamail.com')
INSERT INTO ClientBusinessEmployee(businessID,firstName,surname,department,contactNumber,email) VALUES ('6','Amanda','Marshall','Finances','0824569874','amanda@industries.co.za')
INSERT INTO ClientBusinessEmployee(businessID,firstName,surname,department,contactNumber,email) VALUES ('4','George','Bush','Cleaning Manager','0786541200','bushman@gmail.com')
INSERT INTO ClientBusinessEmployee(businessID,firstName,surname,department,contactNumber,email) VALUES ('7','Olivia','Morrison','Finances','0825994455','olivia@hotmail.com')
INSERT INTO ClientBusinessEmployee(businessID,firstName,surname,department,contactNumber,email) VALUES ('10','Paul','Houghton','HR','0687458985','paulhougton@gmail.com')
INSERT INTO ClientBusinessEmployee(businessID,firstName,surname,department,contactNumber,email) VALUES ('10','Michelle','Venter','Finances','0865641233','venter.michelle@gmail.com')
INSERT INTO ClientBusinessEmployee(businessID,firstName,surname,department,contactNumber,email) VALUES ('9','Bernadette','Trello','Site Manager','0456987777','bernie.trello@gmail.com')
INSERT INTO ClientBusinessEmployee(businessID,firstName,surname,department,contactNumber,email) VALUES ('9','Junanda','Bojangle','Finances','0754123384','bojangles@gmail.com')
INSERT INTO ClientBusinessEmployee(businessID,firstName,surname,department,contactNumber,email) VALUES ('8','Ashley','Jillian','Telemarketing','0785641255','jill.ash@gmail.com')
INSERT INTO ClientBusinessEmployee(businessID,firstName,surname,department,contactNumber,email) VALUES ('1','Carey','King','HR','0764451115','kingcar@gmail.com')


INSERT INTO ClientContractLink(ContractID,ClientIndividualID) VALUES('1','1')
INSERT INTO ClientContractLink(ContractID,ClientIndividualID) VALUES('2','1')
INSERT INTO ClientContractLink(ContractID,ClientBusinessID) VALUES('3','1')
INSERT INTO ClientContractLink(ContractID,ClientBusinessID) VALUES('4','2')
INSERT INTO ClientContractLink(ContractID,ClientIndividualID) VALUES('5','2')
INSERT INTO ClientContractLink(ContractID,ClientBusinessID) VALUES('6','3')
INSERT INTO ClientContractLink(ContractID,ClientIndividualID) VALUES('7','3')
INSERT INTO ClientContractLink(ContractID,ClientBusinessID) VALUES('8','4')
INSERT INTO ClientContractLink(ContractID,ClientIndividualID) VALUES('9','4')
INSERT INTO ClientContractLink(ContractID,ClientBusinessID) VALUES('10','5')
INSERT INTO ClientContractLink(ContractID,ClientIndividualID) VALUES('11','5')
INSERT INTO ClientContractLink(ContractID,ClientBusinessID) VALUES('12','6')
INSERT INTO ClientContractLink(ContractID,ClientIndividualID) VALUES('13','7')
INSERT INTO ClientContractLink(ContractID,ClientIndividualID) VALUES('14','6')
INSERT INTO ClientContractLink(ContractID,ClientBusinessID) VALUES('15','7')
INSERT INTO ClientContractLink(ContractID,ClientIndividualID) VALUES('16','8')
INSERT INTO ClientContractLink(ContractID,ClientBusinessID) VALUES('17','9')
INSERT INTO ClientContractLink(ContractID,ClientBusinessID) VALUES('18','8')
INSERT INTO ClientContractLink(ContractID,ClientIndividualID) VALUES('19','9')
INSERT INTO ClientContractLink(ContractID,ClientIndividualID) VALUES('20','10')
INSERT INTO ClientContractLink(ContractID,ClientBusinessID) VALUES('21','10')


INSERT INTO JobEmployeeLink(jobID,employeeID) VALUES ('3','7')
INSERT INTO JobEmployeeLink(jobID,employeeID) VALUES ('3','9')
INSERT INTO JobEmployeeLink(jobID,employeeID) VALUES ('3','10')
INSERT INTO JobEmployeeLink(jobID,employeeID) VALUES ('5','8')
INSERT INTO JobEmployeeLink(jobID,employeeID) VALUES ('5','11')
INSERT INTO JobEmployeeLink(jobID,employeeID) VALUES ('7','19')
INSERT INTO JobEmployeeLink(jobID,employeeID) VALUES ('9','20')
INSERT INTO JobEmployeeLink(jobID,employeeID) VALUES ('13','12')
INSERT INTO JobEmployeeLink(jobID,employeeID) VALUES ('13','13')
INSERT INTO JobEmployeeLink(jobID,employeeID) VALUES ('23','15')
INSERT INTO JobEmployeeLink(jobID,employeeID) VALUES ('25','14')
INSERT INTO JobEmployeeLink(jobID,employeeID) VALUES ('27','16')


INSERT INTO ServiceContractLink([contractID],[ServicePackedgeID]) VALUES ('6','1')
INSERT INTO ServiceContractLink([contractID],[ServicePackedgeID]) VALUES ('6','2')
INSERT INTO ServiceContractLink([contractID],[ServicePackedgeID]) VALUES ('7','3')
INSERT INTO ServiceContractLink([contractID],[ServicePackedgeID]) VALUES ('7','5')
INSERT INTO ServiceContractLink([contractID],[ServicePackedgeID]) VALUES ('7','7')
INSERT INTO ServiceContractLink([contractID],[ServicePackedgeID]) VALUES ('8','11')
INSERT INTO ServiceContractLink([contractID],[ServicePackedgeID]) VALUES ('9','10')
INSERT INTO ServiceContractLink([contractID],[ServicePackedgeID]) VALUES ('9','1')
INSERT INTO ServiceContractLink([contractID],[ServicePackedgeID]) VALUES ('10','8')
INSERT INTO ServiceContractLink([contractID],[ServicePackedgeID]) VALUES ('10','9')
INSERT INTO ServiceContractLink([contractID],[ServicePackedgeID]) VALUES ('11','5')
INSERT INTO ServiceContractLink([contractID],[ServicePackedgeID]) VALUES ('12','5')
INSERT INTO ServiceContractLink([contractID],[ServicePackedgeID]) VALUES ('12','4')
INSERT INTO ServiceContractLink([contractID],[ServicePackedgeID]) VALUES ('13','1')
INSERT INTO ServiceContractLink([contractID],[ServicePackedgeID]) VALUES ('13','2')
INSERT INTO ServiceContractLink([contractID],[ServicePackedgeID]) VALUES ('13','3')
INSERT INTO ServiceContractLink([contractID],[ServicePackedgeID]) VALUES ('14','5')
INSERT INTO ServiceContractLink([contractID],[ServicePackedgeID]) VALUES ('15','11')
INSERT INTO ServiceContractLink([contractID],[ServicePackedgeID]) VALUES ('15','9')


INSERT INTO ServiceContractStateLink(contractStateID,ServicePackageStateID) VALUES ('1','1')
INSERT INTO ServiceContractStateLink(contractStateID,ServicePackageStateID) VALUES ('6','2')
INSERT INTO ServiceContractStateLink(contractStateID,ServicePackageStateID) VALUES ('7','3')
INSERT INTO ServiceContractStateLink(contractStateID,ServicePackageStateID) VALUES ('7','5')
INSERT INTO ServiceContractStateLink(contractStateID,ServicePackageStateID) VALUES ('7','7')
INSERT INTO ServiceContractStateLink(contractStateID,ServicePackageStateID) VALUES ('8','11')
INSERT INTO ServiceContractStateLink(contractStateID,ServicePackageStateID) VALUES ('9','10')
INSERT INTO ServiceContractStateLink(contractStateID,ServicePackageStateID) VALUES ('9','1')
INSERT INTO ServiceContractStateLink(contractStateID,ServicePackageStateID) VALUES ('10','8')
INSERT INTO ServiceContractStateLink(contractStateID,ServicePackageStateID) VALUES ('10','9')
INSERT INTO ServiceContractStateLink(contractStateID,ServicePackageStateID) VALUES ('11','5')
INSERT INTO ServiceContractStateLink(contractStateID,ServicePackageStateID) VALUES ('12','5')
INSERT INTO ServiceContractStateLink(contractStateID,ServicePackageStateID) VALUES ('12','4')
INSERT INTO ServiceContractStateLink(contractStateID,ServicePackageStateID) VALUES ('13','1')
INSERT INTO ServiceContractStateLink(contractStateID,ServicePackageStateID) VALUES ('13','2')
INSERT INTO ServiceContractStateLink(contractStateID,ServicePackageStateID) VALUES ('13','3')
INSERT INTO ServiceContractStateLink(contractStateID,ServicePackageStateID) VALUES ('14','5')
INSERT INTO ServiceContractStateLink(contractStateID,ServicePackageStateID) VALUES ('15','11')
INSERT INTO ServiceContractStateLink(contractStateID,ServicePackageStateID) VALUES ('15','9')


INSERT INTO ServicePackageLink ([servicepackageID],[serviceID]) VALUES ('1','19')
INSERT INTO ServicePackageLink ([servicepackageID],[serviceID]) VALUES ('1','18')
INSERT INTO ServicePackageLink ([servicepackageID],[serviceID]) VALUES ('1','17')
INSERT INTO ServicePackageLink ([servicepackageID],[serviceID]) VALUES ('2','16')
INSERT INTO ServicePackageLink ([servicepackageID],[serviceID]) VALUES ('3','12')
INSERT INTO ServicePackageLink ([servicepackageID],[serviceID]) VALUES ('3','10')
INSERT INTO ServicePackageLink ([servicepackageID],[serviceID]) VALUES ('4','8')
INSERT INTO ServicePackageLink ([servicepackageID],[serviceID]) VALUES ('4','4')
INSERT INTO ServicePackageLink ([servicepackageID],[serviceID]) VALUES ('5','5')
INSERT INTO ServicePackageLink ([servicepackageID],[serviceID]) VALUES ('5','6')
INSERT INTO ServicePackageLink ([servicepackageID],[serviceID]) VALUES ('5','1')
INSERT INTO ServicePackageLink ([servicepackageID],[serviceID]) VALUES ('6','10')
INSERT INTO ServicePackageLink ([servicepackageID],[serviceID]) VALUES ('6','17')
INSERT INTO ServicePackageLink ([servicepackageID],[serviceID]) VALUES ('7','16')
INSERT INTO ServicePackageLink ([servicepackageID],[serviceID]) VALUES ('7','10')
INSERT INTO ServicePackageLink ([servicepackageID],[serviceID]) VALUES ('8','3')
INSERT INTO ServicePackageLink ([servicepackageID],[serviceID]) VALUES ('8','5')
INSERT INTO ServicePackageLink ([servicepackageID],[serviceID]) VALUES ('9','4')
INSERT INTO ServicePackageLink ([servicepackageID],[serviceID]) VALUES ('9','7')
INSERT INTO ServicePackageLink ([servicepackageID],[serviceID]) VALUES ('9','8')
INSERT INTO ServicePackageLink ([servicepackageID],[serviceID]) VALUES ('10','9')
INSERT INTO ServicePackageLink ([servicepackageID],[serviceID]) VALUES ('10','10')
INSERT INTO ServicePackageLink ([servicepackageID],[serviceID]) VALUES ('11','12')
INSERT INTO ServicePackageLink ([servicepackageID],[serviceID]) VALUES ('11','19')


INSERT INTO ServicePackageStateLink(serviceStateID,ServicePackageStateID) VALUES ('19','1')
INSERT INTO ServicePackageStateLink(serviceStateID,ServicePackageStateID) VALUES ('18','1')
INSERT INTO ServicePackageStateLink(serviceStateID,ServicePackageStateID) VALUES ('17','1')
INSERT INTO ServicePackageStateLink(serviceStateID,ServicePackageStateID) VALUES ('16','2')
INSERT INTO ServicePackageStateLink(serviceStateID,ServicePackageStateID) VALUES ('12','3')
INSERT INTO ServicePackageStateLink(serviceStateID,ServicePackageStateID) VALUES ('10','3')
INSERT INTO ServicePackageStateLink(serviceStateID,ServicePackageStateID) VALUES ('8','4')
INSERT INTO ServicePackageStateLink(serviceStateID,ServicePackageStateID) VALUES ('4','4')
INSERT INTO ServicePackageStateLink(serviceStateID,ServicePackageStateID) VALUES ('5','5')
INSERT INTO ServicePackageStateLink(serviceStateID,ServicePackageStateID) VALUES ('6','5')
INSERT INTO ServicePackageStateLink(serviceStateID,ServicePackageStateID) VALUES ('1','5')
INSERT INTO ServicePackageStateLink(serviceStateID,ServicePackageStateID) VALUES ('10','6')
INSERT INTO ServicePackageStateLink(serviceStateID,ServicePackageStateID) VALUES ('17','6')
INSERT INTO ServicePackageStateLink(serviceStateID,ServicePackageStateID) VALUES ('16','7')
INSERT INTO ServicePackageStateLink(serviceStateID,ServicePackageStateID) VALUES ('10','7')
INSERT INTO ServicePackageStateLink(serviceStateID,ServicePackageStateID) VALUES ('3','8')
INSERT INTO ServicePackageStateLink(serviceStateID,ServicePackageStateID) VALUES ('5','8')
INSERT INTO ServicePackageStateLink(serviceStateID,ServicePackageStateID) VALUES ('4','9')
INSERT INTO ServicePackageStateLink(serviceStateID,ServicePackageStateID) VALUES ('7','9')
INSERT INTO ServicePackageStateLink(serviceStateID,ServicePackageStateID) VALUES ('8','9')
INSERT INTO ServicePackageStateLink(serviceStateID,ServicePackageStateID) VALUES ('9','10')
INSERT INTO ServicePackageStateLink(serviceStateID,ServicePackageStateID) VALUES ('10','10')
INSERT INTO ServicePackageStateLink(serviceStateID,ServicePackageStateID) VALUES ('12','11')
INSERT INTO ServicePackageStateLink(serviceStateID,ServicePackageStateID) VALUES ('19','11')


INSERT INTO ServiceRequestJobLink(serviceRequestID,jobID) VALUES ('1','1')
INSERT INTO ServiceRequestJobLink(serviceRequestID,jobID) VALUES ('2','2')
INSERT INTO ServiceRequestJobLink(serviceRequestID,jobID) VALUES ('3','3')
INSERT INTO ServiceRequestJobLink(serviceRequestID,jobID) VALUES ('4','4')
INSERT INTO ServiceRequestJobLink(serviceRequestID,jobID) VALUES ('5','16')
INSERT INTO ServiceRequestJobLink(serviceRequestID,jobID) VALUES ('6','5')
INSERT INTO ServiceRequestJobLink(serviceRequestID,jobID) VALUES ('7','12')
INSERT INTO ServiceRequestJobLink(serviceRequestID,jobID) VALUES ('8','20')
INSERT INTO ServiceRequestJobLink(serviceRequestID,jobID) VALUES ('9','5')
INSERT INTO ServiceRequestJobLink(serviceRequestID,jobID) VALUES ('10','4')
INSERT INTO ServiceRequestJobLink(serviceRequestID,jobID) VALUES ('11','11')
INSERT INTO ServiceRequestJobLink(serviceRequestID,jobID) VALUES ('12','5')
INSERT INTO ServiceRequestJobLink(serviceRequestID,jobID) VALUES ('13','6')
INSERT INTO ServiceRequestJobLink(serviceRequestID,jobID) VALUES ('14','10')
INSERT INTO ServiceRequestJobLink(serviceRequestID,jobID) VALUES ('15','19')
INSERT INTO ServiceRequestJobLink(serviceRequestID,jobID) VALUES ('16','13')
INSERT INTO ServiceRequestJobLink(serviceRequestID,jobID) VALUES ('17','5')
INSERT INTO ServiceRequestJobLink(serviceRequestID,jobID) VALUES ('18','8')
INSERT INTO ServiceRequestJobLink(serviceRequestID,jobID) VALUES ('19','4')
INSERT INTO ServiceRequestJobLink(serviceRequestID,jobID) VALUES ('20','10')


INSERT INTO ServiceRequestSpecialisationLink(ServiceRequestID,specialisationRequiredID) VALUES ('1','13')
INSERT INTO ServiceRequestSpecialisationLink(ServiceRequestID,specialisationRequiredID) VALUES ('2','10')
INSERT INTO ServiceRequestSpecialisationLink(ServiceRequestID,specialisationRequiredID) VALUES ('3','12')
INSERT INTO ServiceRequestSpecialisationLink(ServiceRequestID,specialisationRequiredID) VALUES ('4','5')
INSERT INTO ServiceRequestSpecialisationLink(ServiceRequestID,specialisationRequiredID) VALUES ('5','8')
INSERT INTO ServiceRequestSpecialisationLink(ServiceRequestID,specialisationRequiredID) VALUES ('6','9')
INSERT INTO ServiceRequestSpecialisationLink(ServiceRequestID,specialisationRequiredID) VALUES ('7','11')
INSERT INTO ServiceRequestSpecialisationLink(ServiceRequestID,specialisationRequiredID) VALUES ('8','4')
INSERT INTO ServiceRequestSpecialisationLink(ServiceRequestID,specialisationRequiredID) VALUES ('9','6')
INSERT INTO ServiceRequestSpecialisationLink(ServiceRequestID,specialisationRequiredID) VALUES ('10','7')
INSERT INTO ServiceRequestSpecialisationLink(ServiceRequestID,specialisationRequiredID) VALUES ('11','7')
INSERT INTO ServiceRequestSpecialisationLink(ServiceRequestID,specialisationRequiredID) VALUES ('12','10')
INSERT INTO ServiceRequestSpecialisationLink(ServiceRequestID,specialisationRequiredID) VALUES ('13','13')
INSERT INTO ServiceRequestSpecialisationLink(ServiceRequestID,specialisationRequiredID) VALUES ('14','12')
INSERT INTO ServiceRequestSpecialisationLink(ServiceRequestID,specialisationRequiredID) VALUES ('15','5')
INSERT INTO ServiceRequestSpecialisationLink(ServiceRequestID,specialisationRequiredID) VALUES ('16','8')
INSERT INTO ServiceRequestSpecialisationLink(ServiceRequestID,specialisationRequiredID) VALUES ('17','9')
INSERT INTO ServiceRequestSpecialisationLink(ServiceRequestID,specialisationRequiredID) VALUES ('18','7')
INSERT INTO ServiceRequestSpecialisationLink(ServiceRequestID,specialisationRequiredID) VALUES ('19','10')
INSERT INTO ServiceRequestSpecialisationLink(ServiceRequestID,specialisationRequiredID) VALUES ('20','12')


INSERT INTO SpecialisationEmployeeLink(employeeID,specialisationID) VALUES ('7','1')
INSERT INTO SpecialisationEmployeeLink(employeeID,specialisationID) VALUES ('7','2')
INSERT INTO SpecialisationEmployeeLink(employeeID,specialisationID) VALUES ('7','3')
INSERT INTO SpecialisationEmployeeLink(employeeID,specialisationID) VALUES ('8','4')
INSERT INTO SpecialisationEmployeeLink(employeeID,specialisationID) VALUES ('8','5')
INSERT INTO SpecialisationEmployeeLink(employeeID,specialisationID) VALUES ('9','10')
INSERT INTO SpecialisationEmployeeLink(employeeID,specialisationID) VALUES ('9','13')
INSERT INTO SpecialisationEmployeeLink(employeeID,specialisationID) VALUES ('10','5')
INSERT INTO SpecialisationEmployeeLink(employeeID,specialisationID) VALUES ('11','4')
INSERT INTO SpecialisationEmployeeLink(employeeID,specialisationID) VALUES ('11','9')
INSERT INTO SpecialisationEmployeeLink(employeeID,specialisationID) VALUES ('12','6')
INSERT INTO SpecialisationEmployeeLink(employeeID,specialisationID) VALUES ('13','10')
INSERT INTO SpecialisationEmployeeLink(employeeID,specialisationID) VALUES ('14','11')
INSERT INTO SpecialisationEmployeeLink(employeeID,specialisationID) VALUES ('14','12')
INSERT INTO SpecialisationEmployeeLink(employeeID,specialisationID) VALUES ('15','11')
INSERT INTO SpecialisationEmployeeLink(employeeID,specialisationID) VALUES ('16','9')
INSERT INTO SpecialisationEmployeeLink(employeeID,specialisationID) VALUES ('16','8')
INSERT INTO SpecialisationEmployeeLink(employeeID,specialisationID) VALUES ('16','5')
INSERT INTO SpecialisationEmployeeLink(employeeID,specialisationID) VALUES ('17','2')
INSERT INTO SpecialisationEmployeeLink(employeeID,specialisationID) VALUES ('18','3')
INSERT INTO SpecialisationEmployeeLink(employeeID,specialisationID) VALUES ('18','1')
INSERT INTO SpecialisationEmployeeLink(employeeID,specialisationID) VALUES ('18','10')
INSERT INTO SpecialisationEmployeeLink(employeeID,specialisationID) VALUES ('19','1')
INSERT INTO SpecialisationEmployeeLink(employeeID,specialisationID) VALUES ('20','1')
INSERT INTO SpecialisationEmployeeLink(employeeID,specialisationID) VALUES ('20','8')
